pair,count,rate,rate_pct,wc_gu
AA,194767,0.33850092373575075,33.85%,no
AU,3431,0.0059630053825204515,0.60%,yes
AG,0,0.0,0.00%,no
AC,0,0.0,0.00%,no
UA,3441,0.005980385170869389,0.60%,yes
UU,0,0.0,0.00%,no
UG,0,0.0,0.00%,yes
UC,0,0.0,0.00%,no
GA,0,0.0,0.00%,no
GU,0,0.0,0.00%,yes
GG,195960,0.340574332485779,34.06%,no
GC,3807,0.006616485424440501,0.66%,yes
CA,0,0.0,0.00%,no
CU,0,0.0,0.00%,no
CG,3200,0.005561532271659996,0.56%,yes
CC,170775,0.2968033355289799,29.68%,no
