pair,count,rate,rate_pct,wc_gu
AA,763,0.026228944654520452,2.62%,no
AU,41,0.0014094190443451357,0.14%,yes
AG,0,0.0,0.00%,no
AC,1,3.437607425232039e-05,0.00%,no
UA,40,0.0013750429700928155,0.14%,yes
UU,178,0.0061189412169130285,0.61%,no
UG,0,0.0,0.00%,yes
UC,0,0.0,0.00%,no
GA,0,0.0,0.00%,no
GU,0,0.0,0.00%,yes
GG,10953,0.37652114128566516,37.65%,no
GC,1967,0.0676177380543142,6.76%,yes
CA,0,0.0,0.00%,no
CU,0,0.0,0.00%,no
CG,1539,0.05290477827432107,5.29%,yes
CC,13608,0.4677896184255758,46.78%,no
