partition,total_pairs,wc_count,wc_gu_count,wc_rate,wc_gu_rate
TS0,16792183,4269172,6324634,0.2542356762071971,0.37664155994488624
NEW,42170078,10856298,16052891,0.2574407853834181,0.3806701756634171
