model,layer,k,seed,threshold,decoding_mode,precision,recall,f1,TP,FP,FN,canonical_rate,canonical_rate_wobble
ernie,11,32,42,0.95,unconstrained,0.45057278736577633,0.4247568024813196,0.43728410113501115,15064,18369,20401,0.636407142643496,0.711632219663207
roberta,11,32,42,0.9,unconstrained,0.06798993387295328,0.17833976282326047,0.09844780263116384,6241,85552,28754,0.36521303367359165,0.3704748728116523
rnafm,11,32,42,0.9,unconstrained,0.1113972621681416,0.18340400102444437,0.13860662171898017,6445,51411,28696,0.4334727599557522,0.48841952433628316
rinalmo,10,32,42,0.7,unconstrained,0.01191557851561486,0.02613151152860803,0.01636772099989302,918,76124,34212,0.1195581630798785,0.1195581630798785
onehot,0,128,42,0.65,unconstrained,0.005117251129483358,0.01885670602225431,0.008049943493264518,666,129482,34653,0.01997725666164674,0.01997725666164674
rnabert,0,128,42,0.65,unconstrained,0.01634689007664231,0.06559088468651196,0.026171249709902592,2199,132322,31327,0.34025170791177584,0.3420060808349626
